{
  "A": [
    169.44785643234,
    -19.529158205985
  ],
  "C": [
    169.44818286742,
    -19.527918848115
  ],
  "midpoint": [
    169.44801964988,
    -19.52853852705
  ]
}
